code,definition,possible_answers
ACCESSINET,Access to the Internet,
AGEP,Age,
ANC,Ancestry recode,"{1: 'Single', 2: 'Multiple', 3: 'Unclassified', 4: 'Not reported', nan: 'N/A'}"
ANC1P,Recoded Detailed Ancestry - first entry,"{1: 'Alsatian', 3: 'Austrian', 5: 'Basque', 8: 'Belgian', 9: 'Flemish', 11: 'British', 12: 'British Isles', 20: 'Danish', 21: 'Dutch', 22: 'English', 24: 'Finnish', 26: 'French', 32: 'German', 40: 'Prussian', 46: 'Greek', 49: 'Icelander', 50: 'Irish', 51: 'Italian', 68: 'Sicilian', 77: 'Luxembourger', 78: 'Maltese', 82: 'Norwegian', 84: 'Portuguese', 87: 'Scotch Irish', 88: 'Scottish', 89: 'Swedish', 91: 'Swiss', 94: 'Irish Scotch', 97: 'Welsh', 98: 'Scandinavian', 99: 'Celtic', 100: 'Albanian', 102: 'Belorussian', 103: 'Bulgarian', 109: 'Croatian', 111: 'Czech', 112: 'Bohemian', 114: 'Czechoslovakian', 115: 'Estonian', 122: 'German Russian', 124: 'Rom', 125: 'Hungarian', 128: 'Latvian', 129: 'Lithuanian', 130: 'Macedonian', 131: 'Montenegrin', 142: 'Polish', 144: 'Romanian', 146: 'Moldavian', 148: 'Russian', 152: 'Serbian', 153: 'Slovak', 154: 'Slovene', 168: 'Turkestani', 169: 'Uzbeg', 170: 'Georgia CIS', 171: 'Ukrainian', 176: 'Yugoslavian', 177: 'Bosnian and Herzegovinian', 178: 'Slavic', 181: 'Central European', 183: 'Northern European', 185: 'Southern European', 187: 'Western European', 190: 'Eastern European', 194: 'Germanic', 195: 'European', 200: 'Spaniard', 210: 'Mexican', 211: 'Mexican American', 212: 'Mexicano', 213: 'Chicano', 215: 'Mexican American Indian', 218: 'Mexican State', 219: 'Mexican Indian', 221: 'Costa Rican', 222: 'Guatemalan', 223: 'Honduran', 224: 'Nicaraguan', 225: 'Panamanian', 226: 'Salvadoran', 227: 'Central American', 231: 'Argentinean', 232: 'Bolivian', 233: 'Chilean', 234: 'Colombian', 235: 'Ecuadorian', 236: 'Paraguayan', 237: 'Peruvian', 238: 'Uruguayan', 239: 'Venezuelan', 249: 'South American', 250: 'Latin American', 251: 'Latin', 252: 'Latino', 261: 'Puerto Rican', 271: 'Cuban', 275: 'Dominican', 290: 'Hispanic', 291: 'Spanish', 295: 'Spanish American', 300: 'Bahamian', 301: 'Barbadian', 302: 'Belizean', 308: 'Jamaican', 310: 'Dutch West Indian', 314: 'Trinidadian Tobagonian', 322: 'British West Indian', 325: 'Antigua and Barbuda', 329: 'Grenadian', 330: 'Vincent-Grenadine Islander', 331: 'St Lucia Islander', 335: 'West Indian', 336: 'Haitian', 359: 'Other West Indian', 360: 'Brazilian', 370: 'Guyanese', 400: 'Algerian', 402: 'Egyptian', 404: 'Libyan', 406: 'Moroccan', 411: 'North African', 416: 'Iranian', 417: 'Iraqi', 419: 'Israeli', 421: 'Jordanian', 425: 'Lebanese', 427: 'Saudi Arabian', 429: 'Syrian', 431: 'Armenian', 434: 'Turkish', 435: 'Yemeni', 442: 'Kurdish', 465: 'Palestinian', 483: 'Assyrian', 484: 'Chaldean', 490: 'Mideast', 495: 'Arab', 496: 'Arabic', 499: 'Other Arab', 508: 'Cameroonian', 510: 'Cape Verdean', 515: 'Congolese', 522: 'Ethiopian', 523: 'Eritrean', 527: 'Gambian', 529: 'Ghanaian', 530: 'Guinean', 534: 'Kenyan', 541: 'Liberian', 553: 'Nigerian', 564: 'Senegalese', 566: 'Sierra Leonean', 568: 'Somali', 570: 'South African', 576: 'Sudanese', 586: 'Togo', 587: 'Other Subsaharan African', 588: 'Ugandan', 593: 'Zimbabwean', 598: 'Western African', 599: 'African', 600: 'Afghan', 603: 'Bangladeshi', 607: 'Bhutanese', 609: 'Nepali', 615: 'Asian Indian', 618: 'Bengali', 620: 'East Indian', 650: 'Punjabi', 680: 'Pakistani', 690: 'Sri Lankan', 700: 'Burmese', 703: 'Cambodian', 706: 'Chinese', 707: 'Cantonese', 712: 'Mongolian', 714: 'Tibetan', 716: 'Hong Kong', 720: 'Filipino', 730: 'Indonesian', 740: 'Japanese', 748: 'Okinawan', 750: 'Korean', 765: 'Laotian', 768: 'Hmong', 770: 'Malaysian', 776: 'Thai', 782: 'Taiwanese', 785: 'Vietnamese', 795: 'Asian', 799: 'Other Asian', 800: 'Australian', 803: 'New Zealander', 808: 'Polynesian', 811: 'Hawaiian', 814: 'Samoan', 815: 'Tongan', 820: 'Micronesian', 821: 'Guamanian', 822: 'Chamorro', 825: 'Marshallese', 841: 'Fijian', 850: 'Pacific Islander', 899: 'Other Pacific', 900: 'Afro American', 901: 'Afro', 902: 'African American', 903: 'Black', 904: 'Negro', 907: 'Creole', 913: 'Central American Indian', 914: 'South American Indian', 917: 'Native American', 918: 'Indian', 919: 'Cherokee', 920: 'American Indian', 922: 'Eskimo', 924: 'White', 925: 'Anglo', 927: 'Appalachian', 929: 'Pennsylvania German', 931: 'Canadian', 935: 'French Canadian', 937: 'Cajun', 939: 'American', 940: 'United States', 983: 'Texas', 994: 'North American', 995: 'Mixture', 996: 'Uncodable entries', 997: 'Other groups', 998: 'Other responses', 999: 'Not reported', nan: 'N/A'}"
ANC2P,Recoded Detailed Ancestry - second entry,"{1: 'Alsatian', 3: 'Austrian', 5: 'Basque', 8: 'Belgian', 9: 'Flemish', 11: 'British', 12: 'British Isles', 20: 'Danish', 21: 'Dutch', 22: 'English', 24: 'Finnish', 26: 'French', 32: 'German', 40: 'Prussian', 46: 'Greek', 49: 'Icelander', 50: 'Irish', 51: 'Italian', 68: 'Sicilian', 77: 'Luxembourger', 78: 'Maltese', 82: 'Norwegian', 84: 'Portuguese', 87: 'Scotch Irish', 88: 'Scottish', 89: 'Swedish', 91: 'Swiss', 94: 'Irish Scotch', 97: 'Welsh', 98: 'Scandinavian', 99: 'Celtic', 100: 'Albanian', 102: 'Belorussian', 103: 'Bulgarian', 109: 'Croatian', 111: 'Czech', 112: 'Bohemian', 114: 'Czechoslovakian', 115: 'Estonian', 122: 'German Russian', 124: 'Rom', 125: 'Hungarian', 128: 'Latvian', 129: 'Lithuanian', 130: 'Macedonian', 131: 'Montenegrin', 142: 'Polish', 144: 'Romanian', 146: 'Moldavian', 148: 'Russian', 152: 'Serbian', 153: 'Slovak', 154: 'Slovene', 168: 'Turkestani', 169: 'Uzbeg', 170: 'Georgia CIS', 171: 'Ukrainian', 176: 'Yugoslavian', 177: 'Bosnian and Herzegovinian', 178: 'Slavic', 181: 'Central European', 183: 'Northern European', 185: 'Southern European', 187: 'Western European', 190: 'Eastern European', 194: 'Germanic', 195: 'European', 200: 'Spaniard', 210: 'Mexican', 211: 'Mexican American', 212: 'Mexicano', 213: 'Chicano', 215: 'Mexican American Indian', 218: 'Mexican State', 219: 'Mexican Indian', 221: 'Costa Rican', 222: 'Guatemalan', 223: 'Honduran', 224: 'Nicaraguan', 225: 'Panamanian', 226: 'Salvadoran', 227: 'Central American', 231: 'Argentinean', 232: 'Bolivian', 233: 'Chilean', 234: 'Colombian', 235: 'Ecuadorian', 236: 'Paraguayan', 237: 'Peruvian', 238: 'Uruguayan', 239: 'Venezuelan', 249: 'South American', 250: 'Latin American', 251: 'Latin', 252: 'Latino', 261: 'Puerto Rican', 271: 'Cuban', 275: 'Dominican', 290: 'Hispanic', 291: 'Spanish', 295: 'Spanish American', 300: 'Bahamian', 301: 'Barbadian', 302: 'Belizean', 308: 'Jamaican', 310: 'Dutch West Indian', 314: 'Trinidadian Tobagonian', 322: 'British West Indian', 325: 'Antigua and Barbuda', 329: 'Grenadian', 330: 'Vincent-Grenadine Islander', 331: 'St Lucia Islander', 335: 'West Indian', 336: 'Haitian', 359: 'Other West Indian', 360: 'Brazilian', 370: 'Guyanese', 400: 'Algerian', 402: 'Egyptian', 404: 'Libyan', 406: 'Moroccan', 411: 'North African', 416: 'Iranian', 417: 'Iraqi', 419: 'Israeli', 421: 'Jordanian', 425: 'Lebanese', 427: 'Saudi Arabian', 429: 'Syrian', 431: 'Armenian', 434: 'Turkish', 435: 'Yemeni', 442: 'Kurdish', 465: 'Palestinian', 483: 'Assyrian', 484: 'Chaldean', 490: 'Mideast', 495: 'Arab', 496: 'Arabic', 499: 'Other Arab', 508: 'Cameroonian', 510: 'Cape Verdean', 515: 'Congolese', 522: 'Ethiopian', 523: 'Eritrean', 527: 'Gambian', 529: 'Ghanaian', 530: 'Guinean', 534: 'Kenyan', 541: 'Liberian', 553: 'Nigerian', 564: 'Senegalese', 566: 'Sierra Leonean', 568: 'Somali', 570: 'South African', 576: 'Sudanese', 586: 'Togo', 587: 'Other Subsaharan African', 588: 'Ugandan', 593: 'Zimbabwean', 598: 'Western African', 599: 'African', 600: 'Afghan', 603: 'Bangladeshi', 607: 'Bhutanese', 609: 'Nepali', 615: 'Asian Indian', 618: 'Bengali', 620: 'East Indian', 650: 'Punjabi', 680: 'Pakistani', 690: 'Sri Lankan', 700: 'Burmese', 703: 'Cambodian', 706: 'Chinese', 707: 'Cantonese', 712: 'Mongolian', 714: 'Tibetan', 716: 'Hong Kong', 720: 'Filipino', 730: 'Indonesian', 740: 'Japanese', 748: 'Okinawan', 750: 'Korean', 765: 'Laotian', 768: 'Hmong', 770: 'Malaysian', 776: 'Thai', 782: 'Taiwanese', 785: 'Vietnamese', 795: 'Asian', 799: 'Other Asian', 800: 'Australian', 803: 'New Zealander', 808: 'Polynesian', 811: 'Hawaiian', 814: 'Samoan', 815: 'Tongan', 820: 'Micronesian', 821: 'Guamanian', 822: 'Chamorro', 825: 'Marshallese', 841: 'Fijian', 850: 'Pacific Islander', 899: 'Other Pacific', 900: 'Afro American', 901: 'Afro', 902: 'African American', 903: 'Black', 904: 'Negro', 907: 'Creole', 913: 'Central American Indian', 914: 'South American Indian', 917: 'Native American', 918: 'Indian', 919: 'Cherokee', 920: 'American Indian', 922: 'Eskimo', 924: 'White', 925: 'Anglo', 927: 'Appalachian', 929: 'Pennsylvania German', 931: 'Canadian', 935: 'French Canadian', 937: 'Cajun', 939: 'American', 940: 'United States', 983: 'Texas', 994: 'North American', 995: 'Mixture', 996: 'Uncodable entries', 997: 'Other groups', 998: 'Other responses', 999: 'Not reported', nan: 'N/A'}"
BDSP,Number of bedrooms,
CIT,Citizenship status,"{1: 'Born in the United States', 2: 'Born in Puerto Rico, Guam, the U.S. Virgin Islands, or Northern Marianas', 3: 'Born abroad of U.S. citizen parent or parents', 4: 'U.S. citizen by naturalization', 5: 'Not a U.S. citizen', nan: 'N/A'}"
CITWP,Year of naturalization write-in,
COMPOTHX,Other computer equipment,
CPLT,Couple Type,
DECADE,Decade of entry,"{1.0: 'Before 1950', 2.0: '1950 - 1959', 3.0: '1960 - 1969', 4.0: '1970 - 1979', 5.0: '1980 - 1989', 6.0: '1990 - 1999', 7.0: '2000 - 2009', 8.0: '2010 or later', nan: 'N/A (Born in the US)'}"
DIS,Disability recode,"{1: 'With a disability', 2: 'Without a disability', nan: 'N/A'}"
DIVISION,Division code based on 2010 Census definitions Division code based on 2020 Census definitions,"{0: 'Puerto Rico', 1: 'New England (Northeast region)', 2: 'Middle Atlantic (Northeast region)', 3: 'East North Central (Midwest region)', 4: 'West North Central (Midwest region)', 5: 'South Atlantic (South region)', 6: 'East South Central (South region)', 7: 'West South Central (South Region)', 8: 'Mountain (West region)', 9: 'Pacific (West region)', nan: 'N/A'}"
DRIVESP,Number of vehicles calculated from JWRI,"{1.0: '1.000 vehicles (Drove alone)', 2.0: '0.500 vehicles (In a 2-person carpool)', 3.0: '0.333 vehicles (In a 3-person carpool)', 4.0: '0.250 vehicles (In a 4-person carpool)', 5.0: '0.200 vehicles (In a 5- or 6-person carpool)', 6.0: '0.143 vehicles (In a 7-or-more person carpool)', nan: 'N/A (Nonworker or worker who does not drive to work)'}"
ELEP,"Electricity cost (monthly cost, use ADJHSG to adjust ELEP to constant dollars)",
ENG,Ability to speak English,"{1.0: 'Very well', 2.0: 'Well', 3.0: 'Not well', 4.0: 'Not at all', nan: 'N/A (less than 5 years old/speaks only English)'}"
ESP,Employment status of parents,"{1.0: 'Living with two parents: Both parents in labor force', 2.0: 'Living with two parents: Father only in labor force', 3.0: 'Living with two parents: Mother only in labor force', 4.0: 'Living with two parents: Neither parent in labor force', 5.0: 'Living with father: In labor force', 6.0: 'Living with father: Not in labor force', 7.0: 'Living with mother: In labor force', 8.0: 'Living with mother: Not in labor force', nan: 'N/A (not own child of householder, and not child in subfamily)'}"
FER,Gave birth to child within the past 12 months,"{1.0: 'Yes', 2.0: 'No', nan: 'N/A (less than 15 years/greater than 50 years/ male)'}"
FINCP,"Family income (past 12 months, use ADJINC to adjust FINCP to constant dollars)",
FOD1P,Recoded field of degree - first entry,"{1100.0: 'General Agriculture', 1101.0: 'Agriculture Production And Management', 1102.0: 'Agricultural Economics', 1103.0: 'Animal Sciences', 1104.0: 'Food Science', 1105.0: 'Plant Science And Agronomy', 1106.0: 'Soil Science', 1199.0: 'Miscellaneous Agriculture', 1301.0: 'Environmental Science', 1302.0: 'Forestry', 1303.0: 'Natural Resources Management', 1401.0: 'Architecture', 1501.0: 'Area Ethnic And Civilization Studies', 1901.0: 'Communications', 1902.0: 'Journalism', 1903.0: 'Mass Media', 1904.0: 'Advertising And Public Relations', 2001.0: 'Communication Technologies', 2100.0: 'Computer And Information Systems', 2101.0: 'Computer Programming And Data Processing', 2102.0: 'Computer Science', 2105.0: 'Information Sciences', 2106.0: 'Computer Administration Management And Security', 2107.0: 'Computer Networking And Telecommunications', 2201.0: 'Cosmetology Services And Culinary Arts', 2300.0: 'General Education', 2301.0: 'Educational Administration And Supervision', 2303.0: 'School Student Counseling', 2304.0: 'Elementary Education', 2305.0: 'Mathematics Teacher Education', 2306.0: 'Physical And Health Education Teaching', 2307.0: 'Early Childhood Education', 2308.0: 'Science And Computer Teacher Education', 2309.0: 'Secondary Teacher Education', 2310.0: 'Special Needs Education', 2311.0: 'Social Science Or History Teacher Education', 2312.0: 'Teacher Education: Multiple Levels', 2313.0: 'Language And Drama Education', 2314.0: 'Art And Music Education', 2399.0: 'Miscellaneous Education', 2400.0: 'General Engineering', 2401.0: 'Aerospace Engineering', 2402.0: 'Biological Engineering', 2403.0: 'Architectural Engineering', 2404.0: 'Biomedical Engineering', 2405.0: 'Chemical Engineering', 2406.0: 'Civil Engineering', 2407.0: 'Computer Engineering', 2408.0: 'Electrical Engineering', 2409.0: 'Engineering Mechanics Physics And Science', 2410.0: 'Environmental Engineering', 2411.0: 'Geological And Geophysical Engineering', 2412.0: 'Industrial And Manufacturing Engineering', 2413.0: 'Materials Engineering And Materials Science', 2414.0: 'Mechanical Engineering', 2415.0: 'Metallurgical Engineering', 2416.0: 'Mining And Mineral Engineering', 2417.0: 'Naval Architecture And Marine Engineering', 2418.0: 'Nuclear Engineering', 2419.0: 'Petroleum Engineering', 2499.0: 'Miscellaneous Engineering', 2500.0: 'Engineering Technologies', 2501.0: 'Engineering And Industrial Management', 2502.0: 'Electrical Engineering Technology', 2503.0: 'Industrial Production Technologies', 2504.0: 'Mechanical Engineering Related Technologies', 2599.0: 'Miscellaneous Engineering Technologies', 2601.0: 'Linguistics And Comparative Language And Literature', 2602.0: 'French German Latin And Other Common Foreign Language Studies', 2603.0: 'Other Foreign Languages', 2901.0: 'Family And Consumer Sciences', 3202.0: 'Pre-Law And Legal Studies', 3301.0: 'English Language And Literature', 3302.0: 'Composition And Rhetoric', 3401.0: 'Liberal Arts', 3402.0: 'Humanities', 3501.0: 'Library Science', 3600.0: 'Biology', 3601.0: 'Biochemical Sciences', 3602.0: 'Botany', 3603.0: 'Molecular Biology', 3604.0: 'Ecology', 3605.0: 'Genetics', 3606.0: 'Microbiology', 3607.0: 'Pharmacology', 3608.0: 'Physiology', 3609.0: 'Zoology', 3611.0: 'Neuroscience', 3699.0: 'Miscellaneous Biology', 3700.0: 'Mathematics', 3701.0: 'Applied Mathematics', 3702.0: 'Statistics And Decision Science', 3801.0: 'Military Technologies', 4000.0: 'Multi/Interdisciplinary Studies', 4001.0: 'Intercultural And International Studies', 4002.0: 'Nutrition Sciences', 4005.0: 'Mathematics And Computer Science', 4006.0: 'Cognitive Science And Biopsychology', 4007.0: 'Interdisciplinary Social Sciences', 4101.0: 'Physical Fitness Parks Recreation And Leisure', 4801.0: 'Philosophy And Religious Studies', 4901.0: 'Theology And Religious Vocations', 5000.0: 'Physical Sciences', 5001.0: 'Astronomy And Astrophysics', 5002.0: 'Atmospheric Sciences And Meteorology', 5003.0: 'Chemistry', 5004.0: 'Geology And Earth Science', 5005.0: 'Geosciences', 5006.0: 'Oceanography', 5007.0: 'Physics', 5008.0: 'Materials Science', 5098.0: 'Multi-Disciplinary Or General Science', 5102.0: 'Nuclear, Industrial Radiology, And Biological Technologies', 5200.0: 'Psychology', 5201.0: 'Educational Psychology', 5202.0: 'Clinical Psychology', 5203.0: 'Counseling Psychology', 5205.0: 'Industrial And Organizational Psychology', 5206.0: 'Social Psychology', 5299.0: 'Miscellaneous Psychology', 5301.0: 'Criminal Justice And Fire Protection', 5401.0: 'Public Administration', 5402.0: 'Public Policy', 5403.0: 'Human Services And Community Organization', 5404.0: 'Social Work', 5500.0: 'General Social Sciences', 5501.0: 'Economics', 5502.0: 'Anthropology And Archeology', 5503.0: 'Criminology', 5504.0: 'Geography', 5505.0: 'International Relations', 5506.0: 'Political Science And Government', 5507.0: 'Sociology', 5599.0: 'Miscellaneous Social Sciences', 5601.0: 'Construction Services', 5701.0: 'Electrical, Mechanical, And Precision Technologies And Production', 5901.0: 'Transportation Sciences And Technologies', 6000.0: 'Fine Arts', 6001.0: 'Drama And Theater Arts', 6002.0: 'Music', 6003.0: 'Visual And Performing Arts', 6004.0: 'Commercial Art And Graphic Design', 6005.0: 'Film Video And Photographic Arts', 6006.0: 'Art History And Criticism', 6007.0: 'Studio Arts', 6099.0: 'Miscellaneous Fine Arts', 6100.0: 'General Medical And Health Services', 6102.0: 'Communication Disorders Sciences And Services', 6103.0: 'Health And Medical Administrative Services', 6104.0: 'Medical Assisting Services', 6105.0: 'Medical Technologies Technicians', 6106.0: 'Health And Medical Preparatory Programs', 6107.0: 'Nursing', 6108.0: 'Pharmacy Pharmaceutical Sciences And Administration', 6109.0: 'Treatment Therapy Professions', 6110.0: 'Community And Public Health', 6199.0: 'Miscellaneous Health Medical Professions', 6200.0: 'General Business', 6201.0: 'Accounting', 6202.0: 'Actuarial Science', 6203.0: 'Business Management And Administration', 6204.0: 'Operations Logistics And E-Commerce', 6205.0: 'Business Economics', 6206.0: 'Marketing And Marketing Research', 6207.0: 'Finance', 6209.0: 'Human Resources And Personnel Management', 6210.0: 'International Business', 6211.0: 'Hospitality Management', 6212.0: 'Management Information Systems And Statistics', 6299.0: 'Miscellaneous Business And Medical Administration', 6402.0: 'History', 6403.0: 'United States History', nan: ""N/A (less than bachelor's degree)""}"
FOD2P,Recoded field of degree - second entry,"{1100.0: 'General Agriculture', 1101.0: 'Agriculture Production And Management', 1102.0: 'Agricultural Economics', 1103.0: 'Animal Sciences', 1104.0: 'Food Science', 1105.0: 'Plant Science And Agronomy', 1106.0: 'Soil Science', 1199.0: 'Miscellaneous Agriculture', 1301.0: 'Environmental Science', 1302.0: 'Forestry', 1303.0: 'Natural Resources Management', 1401.0: 'Architecture', 1501.0: 'Area Ethnic And Civilization Studies', 1901.0: 'Communications', 1902.0: 'Journalism', 1903.0: 'Mass Media', 1904.0: 'Advertising And Public Relations', 2001.0: 'Communication Technologies', 2100.0: 'Computer And Information Systems', 2101.0: 'Computer Programming And Data Processing', 2102.0: 'Computer Science', 2105.0: 'Information Sciences', 2106.0: 'Computer Administration Management And Security', 2107.0: 'Computer Networking And Telecommunications', 2201.0: 'Cosmetology Services And Culinary Arts', 2300.0: 'General Education', 2301.0: 'Educational Administration And Supervision', 2303.0: 'School Student Counseling', 2304.0: 'Elementary Education', 2305.0: 'Mathematics Teacher Education', 2306.0: 'Physical And Health Education Teaching', 2307.0: 'Early Childhood Education', 2308.0: 'Science And Computer Teacher Education', 2309.0: 'Secondary Teacher Education', 2310.0: 'Special Needs Education', 2311.0: 'Social Science Or History Teacher Education', 2312.0: 'Teacher Education: Multiple Levels', 2313.0: 'Language And Drama Education', 2314.0: 'Art And Music Education', 2399.0: 'Miscellaneous Education', 2400.0: 'General Engineering', 2401.0: 'Aerospace Engineering', 2402.0: 'Biological Engineering', 2403.0: 'Architectural Engineering', 2404.0: 'Biomedical Engineering', 2405.0: 'Chemical Engineering', 2406.0: 'Civil Engineering', 2407.0: 'Computer Engineering', 2408.0: 'Electrical Engineering', 2409.0: 'Engineering Mechanics Physics And Science', 2410.0: 'Environmental Engineering', 2411.0: 'Geological And Geophysical Engineering', 2412.0: 'Industrial And Manufacturing Engineering', 2413.0: 'Materials Engineering And Materials Science', 2414.0: 'Mechanical Engineering', 2415.0: 'Metallurgical Engineering', 2416.0: 'Mining And Mineral Engineering', 2417.0: 'Naval Architecture And Marine Engineering', 2418.0: 'Nuclear Engineering', 2419.0: 'Petroleum Engineering', 2499.0: 'Miscellaneous Engineering', 2500.0: 'Engineering Technologies', 2501.0: 'Engineering And Industrial Management', 2502.0: 'Electrical Engineering Technology', 2503.0: 'Industrial Production Technologies', 2504.0: 'Mechanical Engineering Related Technologies', 2599.0: 'Miscellaneous Engineering Technologies', 2601.0: 'Linguistics And Comparative Language And Literature', 2602.0: 'French German Latin And Other Common Foreign Language Studies', 2603.0: 'Other Foreign Languages', 2901.0: 'Family And Consumer Sciences', 3202.0: 'Pre-Law And Legal Studies', 3301.0: 'English Language And Literature', 3302.0: 'Composition And Rhetoric', 3401.0: 'Liberal Arts', 3402.0: 'Humanities', 3501.0: 'Library Science', 3600.0: 'Biology', 3601.0: 'Biochemical Sciences', 3602.0: 'Botany', 3603.0: 'Molecular Biology', 3604.0: 'Ecology', 3605.0: 'Genetics', 3606.0: 'Microbiology', 3607.0: 'Pharmacology', 3608.0: 'Physiology', 3609.0: 'Zoology', 3611.0: 'Neuroscience', 3699.0: 'Miscellaneous Biology', 3700.0: 'Mathematics', 3701.0: 'Applied Mathematics', 3702.0: 'Statistics And Decision Science', 3801.0: 'Military Technologies', 4000.0: 'Multi/Interdisciplinary Studies', 4001.0: 'Intercultural And International Studies', 4002.0: 'Nutrition Sciences', 4005.0: 'Mathematics And Computer Science', 4006.0: 'Cognitive Science And Biopsychology', 4007.0: 'Interdisciplinary Social Sciences', 4101.0: 'Physical Fitness Parks Recreation And Leisure', 4801.0: 'Philosophy And Religious Studies', 4901.0: 'Theology And Religious Vocations', 5000.0: 'Physical Sciences', 5001.0: 'Astronomy And Astrophysics', 5002.0: 'Atmospheric Sciences And Meteorology', 5003.0: 'Chemistry', 5004.0: 'Geology And Earth Science', 5005.0: 'Geosciences', 5006.0: 'Oceanography', 5007.0: 'Physics', 5008.0: 'Materials Science', 5098.0: 'Multi-Disciplinary Or General Science', 5102.0: 'Nuclear, Industrial Radiology, And Biological Technologies', 5200.0: 'Psychology', 5201.0: 'Educational Psychology', 5202.0: 'Clinical Psychology', 5203.0: 'Counseling Psychology', 5205.0: 'Industrial And Organizational Psychology', 5206.0: 'Social Psychology', 5299.0: 'Miscellaneous Psychology', 5301.0: 'Criminal Justice And Fire Protection', 5401.0: 'Public Administration', 5402.0: 'Public Policy', 5403.0: 'Human Services And Community Organization', 5404.0: 'Social Work', 5500.0: 'General Social Sciences', 5501.0: 'Economics', 5502.0: 'Anthropology And Archeology', 5503.0: 'Criminology', 5504.0: 'Geography', 5505.0: 'International Relations', 5506.0: 'Political Science And Government', 5507.0: 'Sociology', 5599.0: 'Miscellaneous Social Sciences', 5601.0: 'Construction Services', 5701.0: 'Electrical, Mechanical, And Precision Technologies And Production', 5901.0: 'Transportation Sciences And Technologies', 6000.0: 'Fine Arts', 6001.0: 'Drama And Theater Arts', 6002.0: 'Music', 6003.0: 'Visual And Performing Arts', 6004.0: 'Commercial Art And Graphic Design', 6005.0: 'Film Video And Photographic Arts', 6006.0: 'Art History And Criticism', 6007.0: 'Studio Arts', 6099.0: 'Miscellaneous Fine Arts', 6100.0: 'General Medical And Health Services', 6102.0: 'Communication Disorders Sciences And Services', 6103.0: 'Health And Medical Administrative Services', 6104.0: 'Medical Assisting Services', 6105.0: 'Medical Technologies Technicians', 6106.0: 'Health And Medical Preparatory Programs', 6107.0: 'Nursing', 6108.0: 'Pharmacy Pharmaceutical Sciences And Administration', 6109.0: 'Treatment Therapy Professions', 6110.0: 'Community And Public Health', 6199.0: 'Miscellaneous Health Medical Professions', 6200.0: 'General Business', 6201.0: 'Accounting', 6202.0: 'Actuarial Science', 6203.0: 'Business Management And Administration', 6204.0: 'Operations Logistics And E-Commerce', 6205.0: 'Business Economics', 6206.0: 'Marketing And Marketing Research', 6207.0: 'Finance', 6209.0: 'Human Resources And Personnel Management', 6210.0: 'International Business', 6211.0: 'Hospitality Management', 6212.0: 'Management Information Systems And Statistics', 6299.0: 'Miscellaneous Business And Medical Administration', 6402.0: 'History', 6403.0: 'United States History', nan: ""N/A (less than bachelor's degree)""}"
FPARC,Family presence and age of related children,
FS,Yearly food stamp/Supplemental Nutrition Assistance Program (SNAP) recipiency,
FULP,"Fuel cost (yearly cost for fuels other than gas and electricity, use ADJHSG to adjust FULP to constant dollars)",
GASP,"Gas cost (monthly cost, use ADJHSG to adjust GASP to constant dollars)",
GCL,Grandparents living with grandchildren,"{1.0: 'Yes', 2.0: 'No', nan: 'N/A (less than 30 years/institutional GQ)'}"
GCM,Length of time responsible for grandchildren,"{1.0: 'Less than 6 months', 2.0: '6 to 11 months', 3.0: '1 or 2 years', 4.0: '3 or 4 years', 5.0: '5 or more years', nan: 'N/A (less than 30 years/grandparent not responsible for grandchild/institutional GQ)'}"
GCR,Grandparents responsible for grandchildren,"{1.0: 'Yes', 2.0: 'No', nan: 'N/A (less than 30 years/institutional GQ/grandparent not living with grandchild)'}"
GRNTP,"Gross rent (monthly amount, use ADJHSG to adjust GRNTP to constant dollars)",
GRPIP,Gross rent as a percentage of household income past 12 months,
HHL,Household language,
HHT,Household/family type,
HICOV,Health insurance coverage recode,"{1: 'With health insurance coverage', 2: 'No health insurance coverage', nan: 'N/A'}"
HIMRKS,Subsidized Marketplace Coverage,"{0: 'Categorically ineligible for subsidy', 1: 'Direct purchase coverage, with premium subsidy', 2: 'Direct purchase coverage, without a premium subsidy', nan: 'N/A'}"
HINCP,"Household income (past 12 months, use ADJINC to adjust HINCP to constant dollars)",
HINS1,Insurance through a current or former employer or union,"{1: 'Yes', 2: 'No', nan: 'N/A'}"
HINS2,Insurance purchased directly from an insurance company,"{1: 'Yes', 2: 'No', nan: 'N/A'}"
HINS3,"Medicare, for people 65 and older, or people with certain disabilities","{1: 'Yes', 2: 'No', nan: 'N/A'}"
HINS4,"Medicaid, Medical Assistance, or any kind of government-assistance plan for those with low incomes or a disability","{1: 'Yes', 2: 'No', nan: 'N/A'}"
HINS7,Indian Health Service,"{1: 'Yes', 2: 'No', nan: 'N/A'}"
HOTWAT,Water heater (Puerto Rico only),
HUGCL,Household with grandparent living with grandchildren,
INSP,"Fire/hazard/flood insurance (yearly amount, use ADJHSG to adjust INSP to constant dollars)",
INTP,"Interest, dividends, and net rental income past 12 months (use ADJINC to adjust to constant dollars)",
JWMNP,Travel time to work,
JWRIP,Vehicle occupancy,
JWTRNS,Means of transportation to work,"{1.0: 'Car, truck, or van', 2.0: 'Bus', 3.0: 'Subway or elevated rail', 4.0: 'Long-distance train or commuter rail', 5.0: 'Light rail, streetcar, or trolley', 6.0: 'Ferryboat', 7.0: 'Taxicab', 8.0: 'Motorcycle', 9.0: 'Bicycle', 10.0: 'Walked', 11.0: 'Worked from home', 12.0: 'Other method', nan: 'N/A (not a worker-not in the labor force, including persons under 16 years; unemployed; employed, with a job but not at work; Armed Forces, with a job but not at work)'}"
KIT,Complete kitchen facilities,
LANX,Language other than English spoken at home,"{1.0: 'Yes, speaks another language', 2.0: 'No, speaks only English', nan: 'N/A (less than 5 years old)'}"
LAPTOP,Laptop or desktop,
LNGI,Limited English speaking household,
MAR,Marital status,"{1: 'Married', 2: 'Widowed', 3: 'Divorced', 4: 'Separated', 5: 'Never married or under 15 years old', nan: 'N/A'}"
MARHD,Divorced in the past 12 months,"{1.0: 'Yes', 2.0: 'No', nan: 'N/A (age less than 15 years; never married)'}"
MARHM,Married in the past 12 months,"{1.0: 'Yes', 2.0: 'No', nan: 'N/A (age less than 15 years; never married)'}"
MARHT,Number of times married,"{1.0: 'One time', 2.0: 'Two times', 3.0: 'Three or more times', nan: 'N/A (age less than 15 years; never married)'}"
MARHW,Widowed in the past 12 months,"{1.0: 'Yes', 2.0: 'No', nan: 'N/A (age less than 15 years; never married)'}"
MARHYP,Year last married,
MHP,"Mobile home costs (yearly amount, use ADJHSG to adjust MHP to constant dollars)",
MIG,Mobility status (lived here 1 year ago),"{1.0: 'Yes, same house (nonmovers)', 2.0: 'No, outside US and Puerto Rico', 3.0: 'No, different house in US or Puerto Rico', nan: 'N/A (less than 1 year old)'}"
MIGPUMA,Migration PUMA based on 2020 Census definition,
MIGSP,Migration recode - State or foreign country code,"{1.0: 'Alabama/AL', 2.0: 'Alaska/AK', 4.0: 'Arizona/AZ', 5.0: 'Arkansas/AR', 6.0: 'California/CA', 8.0: 'Colorado/CO', 9.0: 'Connecticut/CT', 10.0: 'Delaware/DE', 11.0: 'District of Columbia/DC', 12.0: 'Florida/FL', 13.0: 'Georgia/GA', 15.0: 'Hawaii/HI', 16.0: 'Idaho/ID', 17.0: 'Illinois/IL', 18.0: 'Indiana/IN', 19.0: 'Iowa/IA', 20.0: 'Kansas/KS', 21.0: 'Kentucky/KY', 22.0: 'Louisiana/LA', 23.0: 'Maine/ME', 24.0: 'Maryland/MD', 25.0: 'Massachusetts/MA', 26.0: 'Michigan/MI', 27.0: 'Minnesota/MN', 28.0: 'Mississippi/MS', 29.0: 'Missouri/MO', 30.0: 'Montana/MT', 31.0: 'Nebraska/NE', 32.0: 'Nevada/NV', 33.0: 'New Hampshire/NH', 34.0: 'New Jersey/NJ', 35.0: 'New Mexico/NM', 36.0: 'New York/NY', 37.0: 'North Carolina/NC', 38.0: 'North Dakota/ND', 39.0: 'Ohio/OH', 40.0: 'Oklahoma/OK', 41.0: 'Oregon/OR', 42.0: 'Pennsylvania/PA', 44.0: 'Rhode Island/RI', 45.0: 'South Carolina/SC', 46.0: 'South Dakota/SD', 47.0: 'Tennessee/TN', 48.0: 'Texas/TX', 49.0: 'Utah/UT', 50.0: 'Vermont/VT', 51.0: 'Virginia/VA', 53.0: 'Washington/WA', 54.0: 'West Virginia/WV', 55.0: 'Wisconsin/WI', 56.0: 'Wyoming/WY', 72.0: 'Puerto Rico', 109.0: 'France', 110.0: 'Germany', 111.0: 'Northern Europe, Not Specified', 113.0: 'Eastern Europe, Not Specified', 114.0: 'Western Europe or Other Europe, Not Specified', 120.0: 'Italy', 134.0: 'Spain', 138.0: 'United Kingdom, Excluding England', 139.0: 'England', 163.0: 'Russia', 164.0: 'Ukraine', 200.0: 'Afghanistan', 207.0: 'China, Hong Kong, Macau And Paracel Islands', 210.0: 'India', 214.0: 'Israel', 215.0: 'Japan', 217.0: 'Korea', 229.0: 'Nepal', 231.0: 'Pakistan', 233.0: 'Philippines', 235.0: 'Saudi Arabia', 240.0: 'Taiwan', 242.0: 'Thailand', 243.0: 'Turkey', 245.0: 'United Arab Emirates', 247.0: 'Vietnam', 251.0: 'Eastern Asia, Not Specified', 252.0: 'Western Asia, Not Specified', 253.0: 'South Central Asia or Asia, Not Specified', 301.0: 'Canada', 303.0: 'Mexico', 312.0: 'El Salvador', 313.0: 'Guatemala', 314.0: 'Honduras', 317.0: 'Central America, Not Specified', 327.0: 'Cuba', 329.0: 'Dominican Republic', 332.0: 'Haiti', 333.0: 'Jamaica', 344.0: 'Caribbean and North America, Not Specified', 362.0: 'Brazil', 364.0: 'Colombia', 365.0: 'Ecuador', 370.0: 'Peru', 373.0: 'Venezuela', 374.0: 'South America, Not Specified', 414.0: 'Egypt', 416.0: 'Ethiopia', 427.0: 'Kenya', 440.0: 'Nigeria', 467.0: 'Western Africa, Not Specified', 468.0: 'Other Africa, Not Specified', 469.0: 'Eastern Africa, Not Specified', 501.0: 'Australia', 555.0: 'Other US Island Areas, Oceania, Not Specified, or At Sea', nan: 'N/A (person less than 1 year old/lived in same house 1 year ago)'}"
MRGP,"First mortgage payment (monthly amount, use ADJHSG to adjust MRGP to constant dollars)",
MRGX,First mortgage status,
MSP,"Married, spouse present/spouse absent","{1.0: 'Now married, spouse present', 2.0: 'Now married, spouse absent', 3.0: 'Widowed', 4.0: 'Divorced', 5.0: 'Separated', 6.0: 'Never married', nan: 'N/A (age less than 15 years)'}"
MULTG,Multigenerational household,
MV,When moved into this house or apartment,
NATIVITY,Nativity,"{1: 'Native', 2: 'Foreign born', nan: 'N/A'}"
NOP,Nativity of parent,"{1.0: 'Living with two parents: Both parents NATIVE', 2.0: 'Living with two parents: Father only FOREIGN BORN', 3.0: 'Living with two parents: Mother only FOREIGN BORN', 4.0: 'Living with two parents: BOTH parents FOREIGN BORN', 5.0: 'Living with father only: Father NATIVE', 6.0: 'Living with father only: Father FOREIGN BORN', 7.0: 'Living with mother only: Mother NATIVE', 8.0: 'Living with mother only: Mother FOREIGN BORN', nan: 'N/A (greater than 17 years old/not an own child of householder, and not child in subfamily)'}"
NP,Number of persons in this household,
NPF,Number of persons in family (unweighted),
NPP,Grandparent headed household with no parent present,
NR,Presence of nonrelative in household,
NRC,Number of related children in household (unweighted),
NWAB,Temporary absence from work (UNEDITED - See 'Employment Status Recode' (ESR)),"{1.0: 'Yes', 2.0: 'No', 3.0: 'Did not report', nan: 'N/A (less than 16 years old/at work/on layoff)'}"
NWAV,Available for work (UNEDITED - See 'Employment Status Recode' (ESR)),"{1.0: 'Yes', 2.0: 'No, temporarily ill', 3.0: 'No, other reasons', 4.0: 'No, unspecified', 5.0: 'Did not report', nan: 'N/A (less than 16 years/at work/not looking)'}"
NWLA,On layoff from work (UNEDITED - See 'Employment Status Recode' (ESR)),"{1.0: 'Yes', 2.0: 'No', 3.0: 'Did not report', nan: 'N/A (less than 16 years old/at work)'}"
NWLK,Looking for work (UNEDITED - See 'Employment Status Recode' (ESR)),"{1.0: 'Yes', 2.0: 'No', 3.0: 'Did not report', nan: 'N/A (less than 16 years old/at work/temporarily absent/informed of recall)'}"
NWRE,Informed of recall (UNEDITED - See 'Employment Status Recode' (ESR)),"{1.0: 'Yes', 2.0: 'No', 3.0: 'Did not report', nan: 'N/A (less than 16 years old/at work/not on layoff)'}"
OCPIP,Selected monthly owner costs as a percentage of household income during the past 12 months,
OIP,All other income past 12 months (use ADJINC to adjust to constant dollars),
PAOC,Presence and age of own children,"{1.0: 'Females with own children under 6 years only', 2.0: 'Females with own children 6 to 17 years only', 3.0: 'Females with own children under 6 years and 6 to 17 years', 4.0: 'Females with no own children', nan: 'N/A (male/female under 16 years old/GQ)'}"
PAP,Public assistance income past 12 months (use ADJINC to adjust to constant dollars),
PARTNER,Unmarried partner household,
PERNP,Total person's earnings (use ADJINC to adjust to constant dollars),
PINCP,Total person's income (use ADJINC to adjust to constant dollars),
POBP,Place of birth (Recode),"{1: 'Alabama/AL', 2: 'Alaska/AK', 4: 'Arizona/AZ', 5: 'Arkansas/AR', 6: 'California/CA', 8: 'Colorado/CO', 9: 'Connecticut/CT', 10: 'Delaware/DE', 11: 'District of Columbia/DC', 12: 'Florida/FL', 13: 'Georgia/GA', 15: 'Hawaii/HI', 16: 'Idaho/ID', 17: 'Illinois/IL', 18: 'Indiana/IN', 19: 'Iowa/IA', 20: 'Kansas/KS', 21: 'Kentucky/KY', 22: 'Louisiana/LA', 23: 'Maine/ME', 24: 'Maryland/MD', 25: 'Massachusetts/MA', 26: 'Michigan/MI', 27: 'Minnesota/MN', 28: 'Mississippi/MS', 29: 'Missouri/MO', 30: 'Montana/MT', 31: 'Nebraska/NE', 32: 'Nevada/NV', 33: 'New Hampshire/NH', 34: 'New Jersey/NJ', 35: 'New Mexico/NM', 36: 'New York/NY', 37: 'North Carolina/NC', 38: 'North Dakota/ND', 39: 'Ohio/OH', 40: 'Oklahoma/OK', 41: 'Oregon/OR', 42: 'Pennsylvania/PA', 44: 'Rhode Island/RI', 45: 'South Carolina/SC', 46: 'South Dakota/SD', 47: 'Tennessee/TN', 48: 'Texas/TX', 49: 'Utah/UT', 50: 'Vermont/VT', 51: 'Virginia/VA', 53: 'Washington/WA', 54: 'West Virginia/WV', 55: 'Wisconsin/WI', 56: 'Wyoming/WY', 60: 'American Samoa', 66: 'Guam', 69: 'Commonwealth of the Northern Mariana Islands', 72: 'Puerto Rico', 78: 'US Virgin Islands', 100: 'Albania', 102: 'Austria', 103: 'Belgium', 104: 'Bulgaria', 105: 'Czechoslovakia', 106: 'Denmark', 108: 'Finland', 109: 'France', 110: 'Germany', 116: 'Greece', 117: 'Hungary', 118: 'Iceland', 119: 'Ireland', 120: 'Italy', 126: 'Netherlands', 127: 'Norway', 128: 'Poland', 129: 'Portugal', 130: 'Azores Islands', 132: 'Romania', 134: 'Spain', 136: 'Sweden', 137: 'Switzerland', 138: 'United Kingdom, Not Specified', 139: 'England', 140: 'Scotland', 142: 'Northern Ireland', 147: 'Yugoslavia', 148: 'Czech Republic', 149: 'Slovakia', 150: 'Bosnia and Herzegovina', 151: 'Croatia', 152: 'Macedonia', 154: 'Serbia', 156: 'Latvia', 157: 'Lithuania', 158: 'Armenia', 159: 'Azerbaijan', 160: 'Belarus', 161: 'Georgia', 162: 'Moldova', 163: 'Russia', 164: 'Ukraine', 165: 'USSR', 166: 'Europe', 167: 'Kosovo', 168: 'Montenegro', 169: 'Other Europe, Not Specified', 200: 'Afghanistan', 202: 'Bangladesh', 203: 'Bhutan', 205: 'Myanmar', 206: 'Cambodia', 207: 'China', 209: 'Hong Kong', 210: 'India', 211: 'Indonesia', 212: 'Iran', 213: 'Iraq', 214: 'Israel', 215: 'Japan', 216: 'Jordan', 217: 'Korea', 218: 'Kazakhstan', 219: 'Kyrgyzstan', 222: 'Kuwait', 223: 'Laos', 224: 'Lebanon', 226: 'Malaysia', 228: 'Mongolia', 229: 'Nepal', 231: 'Pakistan', 233: 'Philippines', 235: 'Saudi Arabia', 236: 'Singapore', 238: 'Sri Lanka', 239: 'Syria', 240: 'Taiwan', 242: 'Thailand', 243: 'Turkey', 245: 'United Arab Emirates', 246: 'Uzbekistan', 247: 'Vietnam', 248: 'Yemen', 249: 'Asia', 253: 'South Central Asia, Not Specified', 254: 'Other Asia, Not Specified', 300: 'Bermuda', 301: 'Canada', 303: 'Mexico', 310: 'Belize', 311: 'Costa Rica', 312: 'El Salvador', 313: 'Guatemala', 314: 'Honduras', 315: 'Nicaragua', 316: 'Panama', 321: 'Antigua and Barbuda', 323: 'Bahamas', 324: 'Barbados', 327: 'Cuba', 328: 'Dominica', 329: 'Dominican Republic', 330: 'Grenada', 332: 'Haiti', 333: 'Jamaica', 338: 'St. Kitts-Nevis', 339: 'St. Lucia', 340: 'St. Vincent and the Grenadines', 341: 'Trinidad and Tobago', 343: 'West Indies', 344: 'Caribbean, Not Specified', 360: 'Argentina', 361: 'Bolivia', 362: 'Brazil', 363: 'Chile', 364: 'Colombia', 365: 'Ecuador', 368: 'Guyana', 369: 'Paraguay', 370: 'Peru', 372: 'Uruguay', 373: 'Venezuela', 374: 'South America', 399: 'Americas, Not Specified', 400: 'Algeria', 407: 'Cameroon', 408: 'Cabo Verde', 412: 'Congo', 414: 'Egypt', 416: 'Ethiopia', 417: 'Eritrea', 420: 'Gambia', 421: 'Ghana', 423: 'Guinea', 425: 'Ivory Coast', 427: 'Kenya', 429: 'Liberia', 430: 'Libya', 436: 'Morocco', 440: 'Nigeria', 442: 'Rwanda', 444: 'Senegal', 447: 'Sierra Leone', 448: 'Somalia', 449: 'South Africa', 451: 'Sudan', 453: 'Tanzania', 454: 'Togo', 457: 'Uganda', 459: 'Democratic Republic of Congo (Zaire)', 460: 'Zambia', 461: 'Zimbabwe', 462: 'Africa', 463: 'South Sudan', 464: 'Northern Africa, Not Specified', 467: 'Western Africa, Not Specified', 468: 'Other Africa, Not Specified', 469: 'Eastern Africa, Not Specified', 501: 'Australia', 508: 'Fiji', 511: 'Marshall Islands', 512: 'Micronesia', 515: 'New Zealand', 523: 'Tonga', 527: 'Samoa', 554: 'Other US Island Areas, Oceania, Not Specified, or at Sea', nan: 'N/A'}"
POVPIP,Income-to-poverty ratio recode,
PRIVCOV,Private health insurance coverage recode,"{1: 'With private health insurance coverage', 2: 'Without private health insurance coverage', nan: 'N/A'}"
PSF,Presence of subfamilies in household,
PUBCOV,Public health coverage recode,"{1: 'With public health coverage', 2: 'Without public health coverage', nan: 'N/A'}"
PWGTP,Person's weight,
R18,Presence of persons under 18 years in household (unweighted),
R65,Presence of persons 65 years and over in household (unweighted),
RAC1P,Recoded detailed race code,"{1: 'White alone', 2: 'Black or African American alone', 3: 'American Indian alone', 4: 'Alaska Native alone', 5: 'American Indian and Alaska Native tribes specified; or American Indian or Alaska Native, not specified and no other races', 6: 'Asian alone', 7: 'Native Hawaiian and Other Pacific Islander alone', 8: 'Some Other Race alone', 9: 'Two or More Races', nan: 'N/A'}"
RC,Related child,"{0.0: 'No', 1.0: 'Yes', nan: 'N/A (in GQ)'}"
REGION,Region code based on 2020 Census definitions,"{1: 'Northeast', 2: 'Midwest', 3: 'South', 4: 'West', 9: 'Puerto Rico', nan: 'N/A'}"
RELSHIPP,Relationship,"{20: 'Reference person', 21: 'Opposite-sex husband/wife/spouse', 22: 'Opposite-sex unmarried partner', 23: 'Same-sex husband/wife/spouse', 24: 'Same-sex unmarried partner', 25: 'Biological son or daughter', 26: 'Adopted son or daughter', 27: 'Stepson or stepdaughter', 28: 'Brother or sister', 29: 'Father or mother', 30: 'Grandchild', 31: 'Parent-in-law', 32: 'Son-in-law or daughter-in-law', 33: 'Other relative', 34: 'Roommate or housemate', 35: 'Foster child', 36: 'Other nonrelative', 37: 'Institutionalized group quarters population', 38: 'Noninstitutionalized group quarters population', nan: 'N/A'}"
RESMODE,Response mode,
RETP,Retirement income past 12 months (use ADJINC to adjust to constant dollars),
RMSP,Number of rooms,
RNTP,Monthly rent (use ADJHSG to adjust RNTP to constant dollars),
SCH,School enrollment,"{1.0: 'No, has not attended in the last 3 months', 2.0: 'Yes, public school or public college', 3.0: 'Yes, private school or college or home school', nan: 'N/A (less than 3 years old)'}"
SCHG,Grade level attending,"{1.0: 'Nursery school/preschool', 2.0: 'Kindergarten', 3.0: 'Grade 1', 4.0: 'Grade 2', 5.0: 'Grade 3', 6.0: 'Grade 4', 7.0: 'Grade 5', 8.0: 'Grade 6', 9.0: 'Grade 7', 10.0: 'Grade 8', 11.0: 'Grade 9', 12.0: 'Grade 10', 13.0: 'Grade 11', 14.0: 'Grade 12', 15.0: 'College undergraduate years (freshman to senior)', 16.0: ""Graduate or professional school beyond a bachelor's degree"", nan: 'N/A (not attending school)'}"
SCHL,Educational attainment,"{1.0: 'No schooling completed', 2.0: 'Nursery school, preschool', 3.0: 'Kindergarten', 4.0: 'Grade 1', 5.0: 'Grade 2', 6.0: 'Grade 3', 7.0: 'Grade 4', 8.0: 'Grade 5', 9.0: 'Grade 6', 10.0: 'Grade 7', 11.0: 'Grade 8', 12.0: 'Grade 9', 13.0: 'Grade 10', 14.0: 'Grade 11', 15.0: '12th grade - no diploma', 16.0: 'Regular high school diploma', 17.0: 'GED or alternative credential', 18.0: 'Some college, but less than 1 year', 19.0: '1 or more years of college credit, no degree', 20.0: ""Associate's degree"", 21.0: ""Bachelor's degree"", 22.0: ""Master's degree"", 23.0: ""Professional degree beyond a bachelor's degree"", 24.0: 'Doctorate degree', nan: 'N/A (less than 3 years old)'}"
SCIENGP,Field of Degree Science and Engineering Flag - NSF Definition,"{1.0: 'Yes', 2.0: 'No', nan: ""N/A (less than bachelor's degree)""}"
SCIENGRLP,Field of Degree Science and Engineering Related Flag - NSF Definition,"{1.0: 'Yes', 2.0: 'No', nan: ""N/A (less than bachelor's degree)""}"
SEMP,Self-employment income past 12 months (use ADJINC to adjust SEMP to constant dollars),
SEX,Sex,"{1: 'Male', 2: 'Female', nan: 'N/A'}"
SFR,Subfamily relationship,"{1.0: 'Husband/wife no children', 2.0: 'Husband/wife with children', 3.0: 'Parent in a one-parent subfamily', 4.0: 'Child in a married-couple subfamily', 5.0: 'Child in a mother-child subfamily', 6.0: 'Child in a father-child subfamily', nan: 'N/A (GQ/not in a subfamily)'}"
SMARTPHONE,Smartphone,
SMOCP,Selected monthly owner costs (use ADJHSG to adjust SMOCP to constant dollars),
SMP,"Total payment on all second and junior mortgages and home equity loans (monthly amount, use ADJHSG to adjust SMP to constant dollars)",
SMX,Second or junior mortgage or home equity loan status,
SRNT,Specified rental unit,
SSIP,Supplementary Security Income past 12 months (use ADJINC to adjust SSIP to constant dollars),
SSP,Social Security income past 12 months (use ADJINC to adjust SSP to constant dollars),
ST,State Code based on 2020 Census definitions,"{1: 'Alabama/AL', 2: 'Alaska/AK', 4: 'Arizona/AZ', 5: 'Arkansas/AR', 6: 'California/CA', 8: 'Colorado/CO', 9: 'Connecticut/CT', 10: 'Delaware/DE', 11: 'District of Columbia/DC', 12: 'Florida/FL', 13: 'Georgia/GA', 15: 'Hawaii/HI', 16: 'Idaho/ID', 17: 'Illinois/IL', 18: 'Indiana/IN', 19: 'Iowa/IA', 20: 'Kansas/KS', 21: 'Kentucky/KY', 22: 'Louisiana/LA', 23: 'Maine/ME', 24: 'Maryland/MD', 25: 'Massachusetts/MA', 26: 'Michigan/MI', 27: 'Minnesota/MN', 28: 'Mississippi/MS', 29: 'Missouri/MO', 30: 'Montana/MT', 31: 'Nebraska/NE', 32: 'Nevada/NV', 33: 'New Hampshire/NH', 34: 'New Jersey/NJ', 35: 'New Mexico/NM', 36: 'New York/NY', 37: 'North Carolina/NC', 38: 'North Dakota/ND', 39: 'Ohio/OH', 40: 'Oklahoma/OK', 41: 'Oregon/OR', 42: 'Pennsylvania/PA', 44: 'Rhode Island/RI', 45: 'South Carolina/SC', 46: 'South Dakota/SD', 47: 'Tennessee/TN', 48: 'Texas/TX', 49: 'Utah/UT', 50: 'Vermont/VT', 51: 'Virginia/VA', 53: 'Washington/WA', 54: 'West Virginia/WV', 55: 'Wisconsin/WI', 56: 'Wyoming/WY', 72: 'Puerto Rico/PR', nan: 'N/A'}"
SVAL,Specified owner unit,
TABLET,Tablet or other portable wireless computer,
TAXAMT,Property taxes (yearly real estate taxes),
TEL,Telephone service,
TEN,Tenure,
TYPEHUGQ,Type of unit,
VACS,Vacancy status,
VALP,Property value,
VEH,Vehicles (1 ton or less) available,
WAGP,Wages or salary income past 12 months (use ADJINC to adjust WAGP to constant dollars),
WAOB,World area of birth,"{1: 'US state (POBP = 001-059)', 2: 'PR and US Island Areas (POBP = 061-099)', 3: 'Latin America (POBP = 303,310-399)', 4: 'Asia (POBP = 158-159,161,200-299)', 5: 'Europe (POBP = 100-157,160,162-199)', 6: 'Africa (POBP = 400-499)', 7: 'Northern America (POBP = 300-302,304-309)', 8: 'Oceania and at Sea (POBP = 060,500-554)', nan: 'N/A'}"
WATP,"Water cost (yearly cost, use ADJHSG to adjust WATP to constant dollars)",
WIF,Workers in family during the past 12 months,
WKEXREL,Work experience of householder and spouse,
WKHP,Usual hours worked per week past 12 months,
WKL,When last worked,"{1.0: 'Within the past 12 months', 2.0: '1-5 years ago', 3.0: 'Over 5 years ago or never worked', nan: 'N/A (less than 16 years old)'}"
WKWN,Weeks worked during past 12 months,
WORKSTAT,Work status of householder or spouse in family households,
YOEP,Year of entry,
